{
  "type": "logistic_regression",
  "features": [
    "quantity",
    "priority",
    "time_hours",
    "has_deadline",
    "staff_workload",
    "num_tasks",
    "num_candidates",
    "channel"
  ],
  "coef": [
    -0.14872804014818328,
    -0.12495401730810139,
    -0.17936101627404968,
    0.0,
    -0.03756551046810906,
    0.0,
    -0.06389003006198907,
    -0.1952659723416349
  ],
  "intercept": -2.541252598285402,
  "scaler_mean": [
    1.1415,
    1.511,
    198.77213,
    1.0,
    2.530799999999999,
    3.0,
    2.0185,
    0.517
  ],
  "scaler_scale": [
    0.5014755726852571,
    1.1202138188756645,
    10.036621347002471,
    1.0,
    0.6224559100852068,
    1.0,
    0.8137307601412159,
    0.499710916430697
  ]
}